Unnamed: 0.1,index,origin_id,origin_uid,id,uid,created_at
0,0,,,JrrPVe0Nh,c5b7fc31c1,2020-10-29 17:44:00
1,1,JrrPVe0Nh,1699432410.0,JrrW46hBe,44b60bd8a6,2020-10-29 17:49:00
2,2,JrrPVe0Nh,1699432410.0,JrrWEpNus,e5701b6d13,2020-10-29 17:51:00
3,3,JrrPVe0Nh,1699432410.0,JrrZEydJO,dbcd600f7e,2020-10-29 17:58:00
4,4,JrrPVe0Nh,1699432410.0,JrrZDnmGw,5899f08ead,2020-10-29 17:58:00
5,5,JrrPVe0Nh,1699432410.0,Jrs1PBFgB,78efd2068a,2020-10-29 18:04:00
6,6,JrrPVe0Nh,1699432410.0,Jrs2p7EYr,5ed356fb6d,2020-10-29 18:05:00
7,7,JrrPVe0Nh,1699432410.0,Jrs5CzZp7,ccf72a8f7d,2020-10-29 18:13:00
8,8,JrrPVe0Nh,1699432410.0,Jrs7jsU7u,5befa045b3,2020-10-29 18:17:00
9,9,JrrPVe0Nh,1699432410.0,Jrs8Ra6xJ,aa490d4611,2020-10-29 18:21:00
10,10,JrrPVe0Nh,1699432410.0,Jrs9A8jVb,825740c258,2020-10-29 18:23:00
11,11,JrrPVe0Nh,1699432410.0,Jrse4rcRS,f1c70ff968,2020-10-29 18:34:00
12,12,JrrPVe0Nh,1699432410.0,JrsfsrzTh,58fc2c05d2,2020-10-29 18:37:00
13,13,JrrPVe0Nh,1699432410.0,JrsgQu9UO,cd4155da6a,2020-10-29 18:41:00
14,14,JrrPVe0Nh,1699432410.0,Jrsiwqx75,ddaa62d72d,2020-10-29 18:45:00
15,15,JrrPVe0Nh,1699432410.0,JrsjfD4ZC,6c86fdff6d,2020-10-29 18:47:00
16,16,JrrPVe0Nh,1699432410.0,JrslCecTI,cafab19e89,2020-10-29 18:52:00
17,17,JrrPVe0Nh,1699432410.0,Jrslr3U8F,65d60eaee7,2020-10-29 18:52:00
18,18,JrrPVe0Nh,1699432410.0,JrsmyoEi6,518f0cd602,2020-10-29 18:55:00
19,19,JrrPVe0Nh,1699432410.0,JrsnfCzoM,f887f5a2a7,2020-10-29 18:56:00
20,20,JrrPVe0Nh,1699432410.0,JrsnH5s1l,39b93fad8c,2020-10-29 18:57:00
21,21,JrrPVe0Nh,1699432410.0,JrspNmW7X,4f40494b81,2020-10-29 19:03:00
22,22,JrrPVe0Nh,1699432410.0,JrssgrTir,8620f161be,2020-10-29 19:09:00
23,23,JrrPVe0Nh,1699432410.0,Jrsu6tfR6,4d8450da1f,2020-10-29 19:13:00
24,24,JrrPVe0Nh,1699432410.0,Jrsu5lKfA,03715ac4b0,2020-10-29 19:13:00
25,25,JrrPVe0Nh,1699432410.0,JrsvTj2lD,3c0671a69e,2020-10-29 19:18:00
26,26,JrrPVe0Nh,1699432410.0,JrswVssPg,b16c7e6f9f,2020-10-29 19:20:00
27,27,JrrPVe0Nh,1699432410.0,JrsxTsGtc,1666422cda,2020-10-29 19:23:00
28,28,JrrPVe0Nh,1699432410.0,JrsyIeWoT,2d817dc2a4,2020-10-29 19:25:00
29,29,JrrPVe0Nh,1699432410.0,JrszgcKUr,726fd14981,2020-10-29 19:26:00
30,30,JrrPVe0Nh,1699432410.0,JrsAB0pO6,223415d2bc,2020-10-29 19:29:00
31,31,JrrPVe0Nh,1699432410.0,JrsATwGT9,98ccfce487,2020-10-29 19:30:00
32,32,JrrPVe0Nh,1699432410.0,JrsCStmb1,080702b7a9,2020-10-29 19:35:00
33,33,JrrPVe0Nh,1699432410.0,JrsFv2XIJ,9e094cedcc,2020-10-29 19:41:00
34,34,JrrPVe0Nh,1699432410.0,JrsGs7Jd4,ecad1de1f5,2020-10-29 19:44:00
35,35,JrrPVe0Nh,1699432410.0,JrsI1ErBH,8938c85783,2020-10-29 19:48:00
36,36,JrrPVe0Nh,1699432410.0,JrsIH3WzW,a64dc89589,2020-10-29 19:49:00
37,37,JrrPVe0Nh,1699432410.0,JrsIG9Dk0,25309045dc,2020-10-29 19:49:00
38,38,JrrPVe0Nh,1699432410.0,JrsIH3XEv,e6dcfab8d4,2020-10-29 19:49:00
39,39,JrrPVe0Nh,1699432410.0,JrsJYfnxF,25309045dc,2020-10-29 19:52:00
40,40,JrrPVe0Nh,1699432410.0,JrsNlrO89,74ec7dd60d,2020-10-29 20:01:00
41,41,JrrPVe0Nh,1699432410.0,JrsRMstw8,e274017c63,2020-10-29 20:12:00
42,42,JrrPVe0Nh,1699432410.0,JrsXKcD6F,eaa454bb67,2020-10-29 20:26:00
43,43,JrrPVe0Nh,1699432410.0,JrsZJqPkO,5c600ef977,2020-10-29 20:31:00
44,44,JrrPVe0Nh,1699432410.0,Jrt2mxtXR,cb60da84bc,2020-10-29 20:38:00
45,45,JrrPVe0Nh,1699432410.0,Jrtb8uef6,ae0da71110,2020-10-29 20:59:00
46,46,JrrPVe0Nh,1699432410.0,JrtfKfTIf,8c44c38e79,2020-10-29 21:11:00
47,47,JrrPVe0Nh,1699432410.0,JrttwgqaZ,f35b6f2f6b,2020-10-29 21:45:00
48,48,JrrPVe0Nh,1699432410.0,Jrtzl4guV,8a3fe29dc3,2020-10-29 21:59:00
49,49,JrrPVe0Nh,1699432410.0,JrtBrB90h,6374be6fb3,2020-10-29 22:04:00
50,50,JrrPVe0Nh,1699432410.0,JrtFZwgkH,b68139a7ce,2020-10-29 22:15:00
51,51,JrrPVe0Nh,1699432410.0,JrugD1yEa,f27e078342,2020-10-29 23:46:00
52,52,JrrPVe0Nh,1699432410.0,Jruh7pj28,5480b6f847,2020-10-29 23:47:00
53,53,JrrPVe0Nh,1699432410.0,JruO6buiN,bf866ed462,2020-10-30 01:08:00
54,54,JrrPVe0Nh,1699432410.0,JrzKn7eiH,89ff9429ea,2020-10-30 13:43:00
55,55,JrrPVe0Nh,1699432410.0,JrAdbnbXc,31aba0d39c,2020-10-30 14:54:00
56,56,JrrPVe0Nh,1699432410.0,JrAiis4Pr,aae63dbc46,2020-10-30 15:06:00
57,57,JrrPVe0Nh,1699432410.0,JrAiR1uVV,c806ad629a,2020-10-30 15:08:00
58,58,JrrPVe0Nh,1699432410.0,JrApoqcXR,29965e5f30,2020-10-30 15:24:00
59,59,JrrPVe0Nh,1699432410.0,JrAy4bOBo,dc4f337b17,2020-10-30 15:45:00
60,60,JrrPVe0Nh,1699432410.0,JrAynFKjD,8c32dbf0ef,2020-10-30 15:46:00
61,61,JrrPVe0Nh,1699432410.0,JrAFqrdNs,09b4261398,2020-10-30 16:03:00
63,64,JrrPVe0Nh,1699432410.0,JrARel3Fg,f3fecafbd2,2020-10-30 16:32:00
64,62,JrrPVe0Nh,1699432410.0,JrARboRre,a958d82aba,2020-10-30 16:32:00
62,63,JrrPVe0Nh,1699432410.0,JrAR8sDWF,7f533d6a33,2020-10-30 16:32:00
65,65,JrrPVe0Nh,1699432410.0,JrB01vXxh,3775a1c658,2020-10-30 16:54:00
66,66,JrrPVe0Nh,1699432410.0,JrB5WiP9o,ba0816be39,2020-10-30 17:08:00
67,67,JrrPVe0Nh,1699432410.0,JrB9F4AX2,d332fc3f98,2020-10-30 17:18:00
68,68,JrrPVe0Nh,1699432410.0,JrBf80nmQ,dc5976c6e4,2020-10-30 17:31:00
69,69,JrrPVe0Nh,1699432410.0,JrBhpunQu,5fff651bf1,2020-10-30 17:37:00
70,70,JrrPVe0Nh,1699432410.0,JrBljdfSd,3ac2c9e2d6,2020-10-30 17:46:00
71,71,JrrPVe0Nh,1699432410.0,JrBqd3GEr,5d1d8cd144,2020-10-30 17:58:00
72,72,JrrPVe0Nh,1699432410.0,JrBvBu1hS,1b65ac98ed,2020-10-30 18:12:00
73,73,JrrPVe0Nh,1699432410.0,JrCi70eUD,f52f59dcae,2020-10-30 20:11:00
74,74,JrrPVe0Nh,1699432410.0,JrCtYtS5q,aeed28eb3f,2020-10-30 20:40:00
75,75,JrrPVe0Nh,1699432410.0,JrCuErv0Y,8d4a1a7a1d,2020-10-30 20:42:00
76,76,JrrPVe0Nh,1699432410.0,JrD68aoLq,69e8bd0a64,2020-10-30 22:14:00
77,77,JrrPVe0Nh,1699432410.0,JrDa9xUfP,aa0c03a73a,2020-10-30 22:24:00
78,78,JrrPVe0Nh,1699432410.0,JrHe1dXm4,139d4378c5,2020-10-31 08:45:00
79,79,JrrPVe0Nh,1699432410.0,JrI26u68k,ae52b599a5,2020-10-31 10:48:00
80,80,JrrPVe0Nh,1699432410.0,JrVQswYqp,61e3b7d555,2020-11-01 21:58:00
81,81,JrrPVe0Nh,1699432410.0,JrWe6oNdo,a3b22ad6e4,2020-11-01 22:56:00
82,82,JrrPVe0Nh,1699432410.0,Js06vkNee,d4af1b8cbb,2020-11-02 08:49:00
83,83,JrrPVe0Nh,1699432410.0,Js09p0u7Y,f136a94d73,2020-11-02 08:56:00
84,84,JrrPVe0Nh,1699432410.0,JsbRx45Cr,ee7159121e,2020-11-03 14:45:00
85,85,JrrPVe0Nh,1699432410.0,Jt9MI5p3H,231dc804cb,2020-11-09 23:18:00
